Date,Name,Act,Pred_LR,Pred_RF,Pred_SVR,Pred_LSTM
2023-09-21,ADANIENT.ns,-1.2028334608805809,-1.3164266996976792,-0.8648825008853949,-0.866747760819242,-2.6574545
2023-09-21,ADANIPORTS.ns,-1.4150435882786154,-1.350527076949065,-1.0763378309800506,-1.2012613263913718,-1.944478988647461
2023-09-21,APOLLOHOSP.ns,-1.1569918212647117,-0.8932953927799584,-0.8928262608333166,-1.1212779903126875,-1.2401541471481323
2023-09-21,ASIANPAINT.ns,-0.4265923441296478,-1.124033371998486,-1.0824239352074487,-0.8022187881992838,-1.0366336107254028
2023-09-21,AXISBANK.ns,-0.198019801980198,-1.1180059627152623,-0.4331170394309649,-0.7782559622284065,-1.0292961597442627
2023-09-21,BAJAJ-AUTO.ns,-1.0849298096911504,-0.8689819916792745,-1.2477574555846902,-0.828703241776421,-0.890811562538147
2023-09-21,BAJAJFINSV.ns,-0.202877983372873,-1.2091715649520929,-1.1387024820750635,-1.0487446331626264,-1.260517120361328
2023-09-21,BAJFINANCE.ns,-0.5384356261333199,-1.2065911797700264,-1.548297331406075,-0.8842533114419509,-1.1576030254364014
2023-09-21,BEL.ns,-0.0745366002802203,-1.3598877461314256,-2.6243095940172583,-0.956875802479548,-1.3517405986785889
2023-09-21,BHARTIARTL.ns,-1.5414809331546862,-0.8647302208305216,-0.6778358690224978,-0.8096265705364942,-1.0405902862548828
2023-09-21,BPCL.ns,-1.1673681846650843,-1.2227009637012975,-1.009328208682681,-0.8471348792948286,-1.0448412895202637
2023-09-21,BRITANNIA.ns,-1.0650274049342807,-1.0118377595154158,-1.3211727088767256,-0.9021224488685096,-0.8964272141456604
2023-09-21,CIPLA.ns,-3.217655689943435,-1.1454679635300802,-0.8896232703831138,-0.8662251010665842,-1.0446012020111084
2023-09-21,COALINDIA.ns,-0.2857099260602678,-1.593058749308618,-2.0963287993406565,-0.8176412565206477,-0.9771201610565186
2023-09-21,DRREDDY.ns,-2.937278662082614,-0.6812526339733215,-0.6928775497363433,-0.8014407941294891,-0.9165235161781312
2023-09-21,EICHERMOT.ns,-0.9635036496350364,-1.2028587148699292,-0.6284706882764138,-1.0250465992399254,-1.277243971824646
2023-09-21,GRASIM.ns,-0.9125697197391024,-1.2199907525987737,-1.3099001150566685,-0.8654189429322164,-1.0445841550827026
2023-09-21,HCLTECH.ns,-0.5776239434147071,-1.1129083614455475,-1.0007905457938475,-0.9296243040904296,-0.9389330744743348
2023-09-21,HDFCBANK.ns,-2.261064785118666,-0.8082381035075415,-0.8723063529098775,-0.664249569531741,-0.7455017566680908
2023-09-21,HDFCLIFE.ns,-0.1787417423724556,-1.0587824759172169,-0.9156709638419516,-0.8497827867491003,-1.1781394481658936
2023-09-21,HEROMOTOCO.ns,-0.6594716829318937,-1.4557639010926464,-1.7370902477886827,-0.9819060547005484,-1.0673421621322632
2023-09-21,HINDALCO.ns,-1.5657620041753653,-1.362418013269027,-1.3071179775117665,-0.9723242451979208,-1.3436766862869265
2023-09-21,HINDUNILVR.ns,-0.4051863857374392,-0.724595754135001,-0.8095575408335303,-0.7223606646458269,-0.9059244394302368
2023-09-21,ICICIBANK.ns,-0.9513827063186214,-0.995931577939789,-1.0124284850427905,-0.889665980485176,-0.8839223384857178
2023-09-21,INDUSINDBK.ns,-0.211864406779661,-1.231917533019644,-0.8827805203755672,-1.0132502697307937,-1.3337308168411257
2023-09-21,INFY.ns,-0.4490966641560935,-0.9236886032618282,-0.8804177290571262,-0.742612686770159,-0.926848292350769
2023-09-21,ITC.ns,-1.1731843575418994,-0.8889078686268685,-1.0924480346154712,-0.6665179290802714,-0.9103033542633056
2023-09-21,JSWSTEEL.ns,-0.9358958708934296,-1.2508048508618117,-0.3624524621406138,-0.9100535071451824,-1.0799566507339478
2023-09-21,KOTAKBANK.ns,-0.3327631163786974,-0.8108043551290458,-0.9285905631660516,-0.7697690372396865,-0.9320154190063475
2023-09-21,LT.ns,-0.2217468724911417,-0.9183474692420144,-0.8988676610052373,-0.7211575802237662,-0.903882384300232
2023-09-21,M&M.ns,-0.8797483806368671,-1.9025887834605748,-2.1012982037293373,-1.1813439823242928,-1.1812748908996582
2023-09-21,MARUTI.ns,-0.6701657803767586,-0.8654500234475695,-2.413087345175064,-0.867544520856938,-0.9770700335502625
2023-09-21,NESTLEIND.ns,-0.6216696269982238,-0.834800032133534,-0.5684054344740397,-0.7436827547944336,-0.8738576173782349
2023-09-21,NTPC.ns,-1.0896923876806586,-1.1545260446393484,-1.365560616305593,-0.8279625947218139,-1.0236375331878662
2023-09-21,ONGC.ns,-0.8574523318225401,-0.9353784256157802,-1.3100897753296854,-0.7612402476494844,-0.9512407779693604
2023-09-21,POWERGRID.ns,-2.069313932746427,-1.6746091448852387,-3.070141025006651,-1.0646782147748164,-1.069387674331665
2023-09-21,RELIANCE.ns,-1.0942760942760943,-0.9466774147128778,-1.052856909174646,-0.7068083197977402,-0.8955303430557251
2023-09-21,SBILIFE.ns,-0.757893628299065,-1.0954124577534738,-1.6858892820401798,-0.8458266705958314,-1.06806743144989
2023-09-21,SBIN.ns,-0.3538290793491996,-1.808417148673372,-2.427135185275045,-0.8343842323346187,-1.0868390798568726
2023-09-21,SHRIRAMFIN.ns,-1.0156316545919648,-1.323712354173689,-0.347002495767857,-1.2037648087145731,-1.532977819442749
2023-09-21,SUNPHARMA.ns,-1.2428841288293218,-0.8323721305929145,-0.6156083935862346,-0.8067547906894249,-0.8723873496055603
2023-09-21,TATACONSUM.ns,-0.1090714359392939,-1.0780333462356355,-1.0861047536569373,-0.7997268382523356,-0.9652367830276488
2023-09-21,TATAMOTORS.ns,-1.4331210191082804,-1.491207838149849,-1.2197519251229338,-0.9175393808642472,-1.1875373125076294
2023-09-21,TATASTEEL.ns,-1.2976810901123588,-1.2081260849313982,-1.3111129897621412,-0.779521081205437,-1.1852678060531616
2023-09-21,TCS.ns,-0.5287374768938337,-0.710835871945928,-0.4377257624232482,-0.7138385149439316,-0.831372857093811
2023-09-21,TECHM.ns,-0.4689778380010012,-1.0501452806817635,-0.7519957488268362,-0.9825956949078866,-1.1153794527053833
2023-09-21,TITAN.ns,-1.1246543320935605,-0.6486150157264171,-0.5926707838915668,-0.8316322073210995,-1.008935809135437
2023-09-21,TRENT.ns,-0.9543598765853746,-1.887912050970292,-1.441209932902246,-1.0067187488418603,-1.413936734199524
2023-09-21,ULTRACEMCO.ns,-1.1595189765861027,-1.001388783800733,-1.072302065765169,-0.8311142619524015,-0.9744356274604796
2023-09-21,WIPRO.ns,-1.8378859342941576,-0.872141166028801,-1.4308987041401344,-0.8004870692988499,-0.9330325722694396
2023-09-21,AAL,-1.7570702309363493,-1.6787507582291217,-1.556634229823453,-1.265936927551469,-1.826219201087952
2023-09-21,AAPL,-0.354952266380529,-0.7947798236716302,-0.7536975204649415,-0.7110522041213696,-0.9567006230354308
2023-09-21,ABT,-0.889792587700043,-0.851244109359441,-0.7826788295691687,-0.775196043399848,-0.8766178488731384
2023-09-21,ACN,-0.3534632018015127,-0.7686809850466978,-0.5989884284520572,-0.7030223833002248,-0.9413175582885742
2023-09-21,ADBE,-0.8302715040694266,-1.1121487763344882,-0.9688532913500252,-1.0023115175359285,-1.232453227043152
2023-09-21,ADI,-0.4171729604046688,-1.1060222243585571,-1.347484735984772,-1.013292463933663,-1.1604291200637815
2023-09-21,ADM,-2.288032876901505,-0.8376052570583334,-0.9732844804240588,-0.7948316732358656,-1.064181923866272
2023-09-21,ADP,0.0,-0.8543208206172708,-1.2355226218280189,-0.6786917929248493,-0.9789695739746094
2023-09-21,AEE,-0.1881368613611899,-0.8380105681281402,-0.6150726149785707,-0.7088096419586867,-0.9758591055870056
2023-09-21,AEP,-0.5285655345890693,-0.8807611904190394,-1.225949313265461,-0.7327027513568117,-1.0131871700286863
2023-09-21,AES,-2.570379879876736,-1.3207927270240627,-1.3645012828433962,-1.2014972871776757,-1.3526185750961304
2023-09-21,AAL,-1.7570702309363493,-1.6787507582291217,-1.5986243948021563,-1.265936927551469,-1.9864596128463743
2023-09-21,AAPL,-0.354952266380529,-0.7947798236716302,-0.7257772415872097,-0.7110522041213696,-0.8262981176376343
2023-09-21,ABT,-0.889792587700043,-0.851244109359441,-0.8247383517335724,-0.775196043399848,-0.8869217038154602
2023-09-21,ACN,-0.3534632018015127,-0.7686809850466978,-0.5393351284559977,-0.7030223833002248,-0.9494423866271972
2023-09-21,ADBE,-0.8302715040694266,-1.1121487763344882,-0.9112633627643516,-1.0023115175359285,-1.311970353126526
2023-09-21,ADI,-0.4171729604046688,-1.1060222243585571,-1.411617156753279,-1.013292463933663,-1.1062827110290527
2023-09-21,ADM,-2.288032876901505,-0.8376052570583334,-1.0727933873073134,-0.7948316732358656,-1.084113597869873
2023-09-21,ADP,0.0,-0.8543208206172708,-1.1943150270571712,-0.6786917929248493,-1.0047868490219116
2023-09-21,AEE,-0.1881368613611899,-0.8380105681281402,-0.6519171528593172,-0.7088096419586867,-0.9848845601081848
2023-09-21,AEP,-0.5285655345890693,-0.8807611904190394,-1.1108587453351957,-0.7327027513568117,-1.043262004852295
2023-09-21,AES,-2.570379879876736,-1.3207927270240627,-1.2677863157727485,-1.2014972871776757,-1.4028186798095703
2023-09-21,AFL,-0.6304120454252591,-0.7672713631185232,-0.6032282717714016,-0.7400045206439889,-0.910849630832672
2023-09-21,AIG,-0.2121365143726059,-0.8363537254434145,-0.819712420456878,-0.6515984662909844,-1.0773561000823977
2023-09-21,AIZ,-0.076586093860619,-1.064720968918167,-0.9289586265982328,-0.8589882884853404,-1.2628421783447266
2023-09-21,AJG,-0.4811661105034462,-0.5402818851624125,-0.7602058212299684,-0.7014656864704962,-0.8391882181167603
2023-09-21,AKAM,-1.0712010825581777,-0.89415852404862,-0.7392742304956893,-0.6870814502710322,-0.9691662192344666
2023-09-21,ALB,-2.5965735574704603,-1.50361492732672,-2.8356997255172582,-1.7441993265539848,-1.953797459602356
2023-09-21,ALK,-2.199529151070508,-1.462024151343442,-1.1368614002972814,-1.0316190940245926,-1.4678744077682495
2023-09-21,ALL,-0.7692350271633784,-1.086427668766039,-1.2460264705076347,-0.9104871392548683,-1.1584197282791138
2023-09-21,ALLE,-0.6917767179441784,-1.1623214959773498,-2.005016587592144,-1.0103895105774412,-1.2522318363189695
2023-09-21,AMAT,-0.9051795338645636,-1.304146443780603,-0.9583327550618124,-1.1685402204629929,-1.3444660902023315
2023-09-21,AMCR,-1.2035077266919765,-0.7019015651824303,-0.4368938667725603,-0.8465034628593548,-1.0321863889694214
2023-09-21,AMD,-1.351627717027246,-1.988042579532836,-2.6442717884587688,-1.571942316582395,-1.885663986206055
2023-09-21,AME,-0.0597545564875586,-0.7769572978490331,-0.7235126531772694,-0.8044443701364788,-0.8155856132507324
2023-09-21,AMG,-0.8694376240662969,-1.0356644700821738,-0.5527723147766099,-0.8167316922461995,-1.1842477321624756
2023-09-21,AMGN,-0.4296426033441299,-1.065538839922646,-0.925362084229851,-0.8124248722982069,-1.0180190801620483
2023-09-21,AMP,-1.327292685844348,-0.8042952463418677,-0.6726270376741367,-0.6965283605693571,-1.0515753030776978
2023-09-21,AMT,-1.8516266850089884,-1.3386485605838934,-1.362452043406254,-1.1639943836826268,-1.346515417098999
2023-09-21,AMZN,-1.975437667480368,-1.2803376467912129,-1.285322644256412,-1.2898130323029866,-1.4787747859954834
2023-09-21,ANET,-0.1175849421558634,-1.4686350101018009,-1.065529872298343,-1.0533852851708396,-1.383137822151184
2023-09-21,AON,-0.5803083508743524,-0.57129334952177,-0.8444629208133871,-0.6981208614604706,-0.8957820534706116
2023-09-21,AOS,-1.2421370494799178,-1.0534505914380237,-0.5501418712946676,-0.8590746079737533,-1.1178385019302368
2023-09-21,APA,-1.2080908823377547,-1.82264821702918,-2.537932685318121,-1.4045318060539262,-2.110518217086792
2023-09-21,APD,-0.3937573487884262,-1.1373267980750967,-0.9746246881160384,-0.7179613602287978,-0.9482154846191406
2023-09-21,APH,-0.2517764112778733,-0.7150008225905673,-0.7875340579663295,-0.758779685477739,-0.8615896105766296
2023-09-21,ARE,-1.988170923889988,-1.7831528666794867,-0.847634285739067,-1.6696076580778432,-1.2754837274551392
2023-09-21,AVB,-1.1644731377547832,-0.936545278651714,-1.0678101687685926,-0.9492829431461955,-1.1370270252227783
2023-09-21,AVGO,-0.1060087453453066,-1.0813463098141043,-1.372055855311718,-0.8577090682278814,-0.9474174976348876
2023-09-21,AWK,-1.0561825184339888,-1.1063638974002057,-1.289503132753018,-0.8192210216883923,-1.0856573581695557
2023-09-21,AXP,-1.3419366651965727,-1.0560362094852094,-1.3083613532058769,-0.793520833273689,-1.1660805940628052
2023-09-21,BA,-1.4102856719014016,-1.3013651234054395,-1.312119593334669,-0.8886365594975631,-1.061653733253479
2023-09-21,BAX,-1.552223569169818,-0.9466642198120048,-0.8325900589137377,-0.94092231657705,-1.1144591569900513
2023-09-21,BBWI,-4.237290213953007,-1.952441573072146,-2.83789330125798,-1.5909883850087272,-2.0761499404907227
2023-09-21,BDX,-0.1625927133308138,-0.7780324712931307,-0.9449318384559152,-0.6619109139872876,-0.8853360414505005
2023-09-21,BIO,-1.5221047941544918,-1.3879054666001422,-0.1844770669220385,-1.16935361649952,-1.4435466527938845
2023-09-21,BK,-1.4351826873499784,-0.9996652171402924,-1.1565557952076655,-0.6934202129131545,-1.095266819000244
2023-09-21,BKNG,-0.2669912253694581,-0.6283735137658726,-0.4905954032400255,-0.5968267597122526,-1.0987204313278198
2023-09-21,BKR,0.0,-1.1034463472333964,-0.6720014818003981,-1.111412867317454,-1.3222979307174685
2023-09-21,BLK,-1.7377268385864373,-1.0734090464332162,-1.8555336740181108,-0.7267770460578379,-1.0832436084747314
2023-09-21,BMY,-0.9438755368416288,-0.6464099980016907,-0.2468576475690579,-0.7093265499908991,-0.848558783531189
2023-09-21,BR,-0.3599889141990788,-0.6099575182007111,-0.3975279560728143,-0.7295286417310946,-0.9900802373886108
2023-09-21,BRO,-0.2210500674028256,-0.6635674000913264,-0.7090644989801328,-0.7204155534869788,-0.7913902997970581
2023-09-21,BSX,-0.9814792209201388,-1.046720831035474,-1.205698861907119,-0.6943787282346479,-0.8243406414985657
2023-09-21,BWA,0.0,-1.1165116727732087,-0.4668884772511383,-0.832380721006091,-1.114646315574646
2023-09-21,BXP,-2.264152667499787,-1.425992769012742,-2.34189018831545,-1.3727694312013003,-1.6986536979675293
2023-09-21,C,-2.1317350650261977,-1.027448501559807,-1.694257822804034,-0.6953089626633386,-1.2175830602645874
2023-09-21,CAG,-0.6896578032394935,-0.9039261895480202,-0.8525494400651809,-0.7015212441216496,-1.005221605300903
2023-09-21,CAT,-0.1470623873022825,-1.0575110170708706,-1.123663038478511,-0.8371467280938767,-1.1554951667785645
2023-09-21,CB,0.0,-0.8951635999237423,-0.4850083579292814,-0.6624713837867228,-0.9803600311279296
2023-09-21,CBOE,-0.1287064476657116,-0.491402120696979,-0.6505342595280256,-0.8822833002134955,-0.9870172142982484
2023-09-21,CDNS,0.0,-1.0380625593267894,-0.8454063752109028,-1.041170247766165,-1.0914994478225708
2023-09-21,CDW,0.0,-0.9719156589715524,-0.874559829735214,-0.7454871011722164,-1.0002305507659912
2023-09-21,CE,-1.5109356070607605,-1.1996009240287602,-1.07790576557019,-1.0437411397200922,-1.4455304145812988
2023-09-21,CF,-0.3221532644451452,-1.6264118594410648,-2.2368998672289684,-1.361036441967859,-1.873767375946045
2023-09-21,CHD,-0.442662501162929,-0.6594055982437224,-0.4707181102442117,-0.6516709557914253,-0.7102375030517578
2023-09-21,CHRW,-1.2535898518081097,-1.002097927272639,-0.7646148206909461,-0.7310324855801164,-1.1525723934173584
2023-09-21,CHTR,-2.089293780298297,-1.201505856342309,-1.0397363406581142,-1.0817583938547315,-1.5096004009246826
2023-09-21,CI,-0.1969821798517539,-1.010426197415632,-0.9565872446476904,-0.710044881302925,-1.0778977870941162
2023-09-21,CINF,-0.4102586866258608,-1.103046447498664,-0.9197229234598292,-0.7854360761573533,-1.17267906665802
2023-09-21,CL,-1.3366112397880627,-0.7620438304880043,-1.1617037755289297,-0.6476615003487085,-0.7792825698852539
2023-09-21,CMA,-1.8576609013048104,-2.23760137664418,-1.921092284015418,-1.335480730364794,-3.2553722858428955
2023-09-21,CMCSA,-0.6584790226404286,-0.6728391974914627,-0.3523723905677397,-0.6968658070264642,-0.8172355890274048
2023-09-21,CME,-0.7956120802014034,-0.9871390509436864,-0.711081627470954,-0.6843802514060021,-0.9658827185630798
2023-09-21,CMI,-0.0610870905500434,-1.0487974144209635,-1.1798427402937346,-0.7867032910565369,-1.0923349857330322
2023-09-21,CMS,-0.3734048593571091,-1.0009609927636864,-1.1854275735813256,-0.9219056718104442,-1.0377440452575684
2023-09-21,CNC,-1.0970007933337065,-1.086196848390435,-1.638905708987889,-0.9388687125458416,-1.236955165863037
2023-09-21,CNP,-0.2120122528618654,-0.9668948195178326,-1.152282996034541,-0.844061739427269,-0.9992519617080688
2023-09-21,COF,-1.2544237561057343,-1.328004285082791,-0.8147412563901288,-0.9734154801940892,-1.5175786018371582
2023-09-21,COP,-0.7338202692250111,-1.368331898799017,-1.900495800595122,-1.0042740887465778,-1.3950145244598389
2023-09-21,COST,-0.0684386241868584,-0.7852406256567509,-0.6812296272553042,-0.6740040849882949,-0.9211887121200562
2023-09-21,CPB,-0.722268340677722,-0.940776831481724,-0.6497910442983793,-0.9163419912754664,-0.9387925863265992
2023-09-21,CPRI,-0.5519621440311752,-0.8965515399969735,-0.2464818567180524,-1.1076686859244067,-1.478274941444397
2023-09-21,CRM,-1.6387142113558326,-0.9866935623306624,-0.497030405090771,-0.7464956795025316,-1.1151633262634275
2023-09-21,CSCO,-0.3745332532294554,-0.590214671283301,-0.3115575962683861,-0.3813731671558966,-0.7039721608161926
2023-09-21,CSX,-0.0967764085339076,-0.7748003568701791,-0.9233958452854466,-0.7583477606701858,-1.0457384586334229
2023-09-21,CTLT,-3.324781462382167,-1.953453772273675,-1.3509155014372518,-1.5768315752278963,-2.2718870639801025
2023-09-21,CTSH,-0.2746493792542449,-0.7915690438885428,-0.7617572437939774,-0.7230120338792421,-0.9216350317001344
2023-09-21,CTVA,-0.6881169629508528,-0.9279127990318105,-1.1509181903199233,-0.8233924906403438,-1.0651737451553345
2023-09-21,CVS,-0.5314646900950613,-0.9154996519412434,-1.532130643248423,-0.7923403481987579,-0.8808065056800842
2023-09-21,CVX,-0.1744530431247371,-1.108320867715494,-0.6694040257946569,-0.7854551233426319,-1.0154123306274414
2023-09-21,D,0.0,-1.1476371626963415,-0.8836277519266234,-0.9470578331998636,-1.0989422798156738
2023-09-21,DD,-0.5604971340490327,-0.9119716910284636,-0.972654002897522,-0.7593229054067089,-0.9151190519332886
2023-09-21,DE,-1.0897764237505316,-1.2635502231808238,-1.0400972248990088,-0.7922879540421239,-1.0766122341156006
2023-09-21,DFS,-1.0121680729666165,-1.1344394141595058,-1.690658567632895,-0.8217068949847467,-1.286793828010559
2023-09-21,DG,-1.7242946620966866,-1.0523496105572252,-3.165779668055687,-1.1221762182028598,-1.2294628620147705
2023-09-21,DHI,-1.3452061195207583,-1.154114690898746,-1.1698364087912088,-0.9643426378253896,-0.9674178957939148
2023-09-21,DHR,-0.8393989768756575,-1.1009085277039174,-0.9146566910313764,-0.924450519180012,-1.1734256744384766
2023-09-21,DIS,-2.062485391794376,-0.9941354668585632,-0.3605913572147307,-0.8675801674859999,-1.2964882850646973
2023-09-21,DLR,-1.2138280688978476,-1.1556473441743411,-0.7539086191836326,-0.956367469729996,-1.3894957304000854
2023-09-21,DLTR,-1.718447041155075,-1.091193481029161,-3.365209350726509,-1.3508960579569995,-1.143510341644287
2023-09-21,DOV,-1.0805075659236771,-1.0283660918236566,-0.77844521061959,-0.8257417436521463,-1.0563278198242188
2023-09-21,DRI,-1.4977725103826334,-1.1365936372722203,-1.3675365845131753,-1.1608810913756595,-0.9558861255645752
2023-09-21,DUK,-0.3333030651200511,-0.9249875011569956,-1.3489899635464857,-0.8005677896943045,-0.9747746586799622
2023-09-21,EBAY,-2.78091692282694,-1.4921137956271875,-1.1365411106400565,-0.9737848881904478,-1.2031903266906738
2023-09-21,ECL,-0.5905878251459993,-1.023314451684155,-0.868572724727861,-0.8634348695504938,-0.9495505690574646
2023-09-21,ED,-0.3871664471387197,-0.8823708422356547,-0.8790009751228276,-0.7864117961274715,-0.933497965335846
2023-09-21,EIX,-1.062430122639937,-1.115296624587932,-1.6628309326484465,-1.119654194481854,-1.0623477697372437
2023-09-21,EL,-1.0476144803624574,-1.2174577505360142,-0.5891448888547187,-1.2479536954748731,-1.3215032815933228
2023-09-21,EMN,-1.780843287595644,-1.0790443576944573,-1.1908038306666302,-0.9390048478031818,-1.2844330072402954
2023-09-21,EQIX,-0.5918334130527211,-0.9450745591462262,-0.7913759808783623,-0.7334328631806373,-1.0370031595230105
2023-09-21,ETN,-0.3575344352025938,-0.8597180660304643,-1.335458728566156,-0.6975416614306077,-0.8553208708763123
2023-09-21,ETR,-0.5281165349923768,-0.9430745477975728,-0.7008379940011936,-0.7205173768338501,-1.0850025415420532
2023-09-21,EVRG,-0.7642121822015971,-0.8853514130057624,-1.4355433877420498,-0.943018677031918,-1.0357980728149414
2023-09-21,EW,-1.3758882563164894,-0.9966128738809914,-2.09548340076158,-0.8280674638939003,-1.227576494216919
2023-09-21,EXC,-1.4829423818532792,-1.0475404616722688,-1.0501382014181595,-0.7970501416477895,-1.046893835067749
2023-09-21,EXPD,-0.0442035453887376,-1.0090700745813688,-0.97249396400413,-0.8856919912841066,-1.0655189752578735
2023-09-21,EXR,-0.2691852610473943,-1.2309827264786446,-0.7161593996454236,-1.0045049068653855,-1.2254509925842283
2023-09-21,FAST,-0.0740894874676353,-0.9330307953987422,-1.0286187656456152,-0.7951816963087748,-1.0283695459365845
2023-09-21,FDX,-1.1296383883019716,-0.9815315035556628,-0.9446255964533152,-1.0891513412611138,-0.8875513076782227
2023-09-21,FE,-0.194443596733941,-0.8209458244749162,-1.3025256521440494,-0.8307693695755456,-1.0667721033096311
2023-09-21,FIS,-1.856069623467809,-1.3713154482563232,-2.0211321167649023,-1.0836889506174083,-1.4384794235229492
2023-09-21,FISV,-0.9422635722545838,-0.5633554109685794,-0.4579247343087108,-0.4651125233292422,-0.5792789459228516
2023-09-21,FITB,-2.94784129359474,-1.2926825452913553,-1.6638610984585045,-1.20977259261154,-2.152217626571656
2023-09-21,FMC,-2.6838041411981406,-1.1694370142617243,-1.983730862551225,-1.1024312414690671,-0.7734744548797607
2023-09-21,FRT,-1.829336324961706,-1.0316058613539796,-1.716478096122322,-1.0173532545712898,-1.143518090248108
2023-09-21,FTNT,-1.089360663231383,-1.394718203773119,-1.121405999536755,-1.1512304287265611,-1.4856150150299072
2023-09-21,FTV,0.0,-0.8245593814374217,-0.32355984335554,-0.7079182806554234,-0.9114853143692015
2023-09-21,GD,-1.2440061659147943,-0.6991920090773386,-0.7138071050175108,-0.6516119699208424,-0.9037898778915404
2023-09-21,GE,-1.6209036366310658,-0.619831408087932,-0.4751499100840437,-0.5471311742314026,-0.6660107374191284
2023-09-21,GILD,-0.5484264986539875,-0.9362507027055134,-0.4878325688704638,-0.8356664417744909,-0.948603332042694
2023-09-21,GL,-0.9729038572144776,-0.757820795721437,-0.7834646621020569,-0.6621069321222255,-0.8526687622070312
2023-09-21,GM,-1.5151515151515151,-1.541519973308248,-0.8369369007931969,-1.0509852343116777,-1.4546353816986084
2023-09-21,GNRC,-2.5864438470118496,-2.179247864605816,-2.542631517919398,-1.5646413450721006,-2.389035701751709
2023-09-21,GOOG,-0.8885162773558539,-0.909996795214794,-0.8814166251766403,-0.8394310640827577,-0.9755626916885376
2023-09-21,GOOGL,-0.8871126124585987,-0.9579936722573296,-1.1999877668605474,-0.9148584341007728,-0.9633415937423706
2023-09-21,GPC,-0.0824822111022272,-0.7618220288066626,-0.7222646348250314,-0.6891263977520983,-0.9544500708580016
2023-09-21,GPN,-0.8929313848569879,-1.169532675223663,-1.3389015574201213,-0.8608043384489057,-1.379809021949768
2023-09-21,GS,-0.990614804843281,-0.9096517345803584,-1.1946009378592743,-0.7427086927918108,-1.0001513957977295
2023-09-21,GWW,-0.2098086272010809,-0.8993712750201692,-1.889884738152662,-0.7996415430350609,-1.0393216609954834
2023-09-21,HAS,-2.044487446766562,-1.2770689644924655,-0.9100512338671972,-1.0115837966671222,-1.3591132164001465
2023-09-21,HBAN,-1.536982226295467,-1.1789925688730958,-0.6667492044228043,-0.8849491382825805,-2.0393872261047363
2023-09-21,HBI,-3.703711062301532,-2.1345530248452285,-1.7566379402283454,-1.6180577481792109,-2.129634141921997
2023-09-21,HCA,-0.7188814150937425,-0.9953646170763222,-0.8518893729574603,-0.7651658870684144,-0.9597892761230468
2023-09-21,HD,-0.2286426047354676,-0.8974137375194828,-0.8841672326251835,-0.6830213114107404,-1.0293927192687988
2023-09-21,HES,-1.41956073220525,-1.613595777311133,-0.8188068278435313,-1.2230039432757416,-1.5882651805877686
2023-09-21,HIG,-0.3016194315044822,-0.8780078071924248,-0.3519815469434283,-0.5935510235794454,-0.97698175907135
2023-09-21,HLT,-0.1895084800655668,-1.0960438192731852,-0.3374526685731453,-0.6708754539647382,-1.0331518650054932
2023-09-21,HON,-0.7018260039249298,-0.9084322690644993,-1.053662637504144,-0.7486343159023295,-0.9490298628807068
2023-09-21,HPE,-0.7479323014779145,-0.8793634470360017,-1.0162089975689677,-0.875623610036087,-0.9735442996025084
2023-09-21,HRL,-1.1184510040731153,-0.9250890901896148,-0.6850677549872046,-0.8302169356236915,-0.8432759046554565
2023-09-21,HST,-0.9416231596420732,-0.8998848350770063,-0.9812837117745624,-0.9181730856104704,-1.3893488645553589
2023-09-21,HSY,-0.2980745755709134,-0.8705509305245381,-0.9578287247574128,-0.76173147334166,-0.8432281613349915
2023-09-21,HUM,-0.6663578214233612,-0.9519892279938308,-0.9709755287982144,-1.2024635036307585,-1.113740086555481
2023-09-21,IBM,-0.4002417225651823,-0.6503135436397279,-0.7320016326204468,-0.5684382724474126,-0.8092241287231445
2023-09-21,ICE,-1.5915583311708403,-0.7934134117198928,-0.7240046099725211,-0.6828072212947666,-0.9136018753051758
2023-09-21,IFF,-1.0944112262651569,-1.0948753153447568,-0.8576601321666633,-0.997626679416348,-1.117795467376709
2023-09-21,ILMN,-1.4579509312696024,-1.4296983320439387,-2.2471194234084093,-1.6967197850735003,-1.8455932140350344
2023-09-21,INTC,-1.9247398943128355,-1.3329353332522969,-0.7720803394584321,-1.114635162093039,-1.5356152057647705
2023-09-21,INTU,-0.6626976860894097,-1.388378850130254,-1.215648007269734,-1.1393458467035185,-1.4563286304473877
2023-09-21,IP,-0.8163229898685864,-1.298965365693402,-1.226039192754787,-1.1051599572414572,-1.188975214958191
2023-09-21,IPG,-2.0401237150041087,-1.273137014467572,-0.9124969616343964,-0.8275964622082419,-1.099512219429016
2023-09-21,ISRG,-0.7225302374254663,-1.078864949194673,-0.809450896614023,-0.9758233902151796,-1.028834342956543
2023-09-21,IT,0.0,-0.8345008575966768,-0.8424636593372434,-0.7720244000746925,-1.0576876401901243
2023-09-21,ITW,-0.0215456098600916,-0.9035583376198576,-1.5942676242102547,-0.7639096620509549,-0.97230464220047
2023-09-21,JCI,-0.2371416797499826,-0.9354402999510416,-0.7839990876383791,-0.7639918878404983,-1.1704553365707395
2023-09-21,JKHY,-0.4445666390015905,-1.2096903242273531,-0.6003240703495127,-0.815521335737963,-1.0842654705047607
2023-09-21,JNJ,-0.6509628220037221,-0.6785318928803158,-0.7455015751950941,-0.5674893307898329,-0.7244238257408142
2023-09-21,JPM,-1.4257525564869955,-0.756441816058828,-0.806542079014808,-0.6659016063068341,-0.8737515211105347
2023-09-21,K,-0.2815996231430417,-0.7338670933059593,-0.6158498467459376,-0.7423531795314705,-0.897650957107544
2023-09-21,KEY,-2.226343015428027,-2.1340557121573003,-3.42935987365737,-1.3662385848678835,-2.816357612609864
2023-09-21,KHC,-0.5246292566922028,-1.0074633148640837,-0.8805963445518301,-0.9172261553284852,-0.9316208362579346
2023-09-21,KIM,-1.6694448999650269,-1.1100678656826144,-1.367075244919907,-0.9455609379794838,-1.3093273639678955
2023-09-21,KLAC,-0.1727533747705318,-1.1998369085005338,-0.8725299757183288,-1.045400207827846,-1.4278427362442017
2023-09-21,KMB,-1.0633209238764678,-0.7478444316191356,-0.484028379504434,-0.6685295524690453,-0.8054072260856628
2023-09-21,KMI,-0.2413941395014326,-0.8063106223408409,-1.3216463004213983,-0.7623280692318433,-1.036229133605957
2023-09-21,KMX,-3.412102921721715,-1.5607596226483378,-1.167421554133065,-1.2584693472185458,-1.8503427505493164
2023-09-21,KO,-0.6050103428743507,-0.7645825137537453,-1.3653137411520586,-0.6659915561145843,-0.7866994738578796
2023-09-21,KR,-0.6564534618210163,-0.7269113903107258,-0.967290646137714,-0.7865792145605065,-1.046572208404541
2023-09-21,KSS,-3.227338941741028,-2.354811839963605,-3.939165901627488,-2.013685239820458,-2.361050605773926
2023-09-21,L,-0.0934978343552228,-0.5573475452055139,-0.3571027958730592,-0.7016984526682392,-0.7874175906181335
2023-09-21,LDOS,-1.4301187986787027,-0.7113169615717424,-0.9391654396428292,-0.7001715292671271,-0.943950057029724
2023-09-21,LEN,-1.4780434372391866,-1.1672496714547198,-1.3150556890503768,-1.0265428561953371,-0.9545215368270874
2023-09-21,LH,-0.2876281297885951,-1.0855865588171991,-2.1007997213296683,-0.8988565179556974,-1.084209442138672
2023-09-21,LHX,-0.3736973359491591,-0.7896321651368294,-1.0823291514627136,-0.7954400696311803,-0.9495322108268738
2023-09-21,LIN,-0.0512247024029939,-0.6336483064821434,-0.4333964595888196,-0.6157085550986575,-0.7703908681869507
2023-09-21,LKQ,-0.6044715506832443,-0.8245169492680572,-0.668332879080495,-0.7121395824942879,-1.0542274713516235
2023-09-21,LLY,-0.2150093258195917,-1.887618281675103,-0.6122147794893898,-0.9277352406286462,-1.1122854948043823
2023-09-21,LMT,-0.6515342210827485,-0.8031686906971246,-1.2907433707702836,-0.665750706177771,-0.857574999332428
2023-09-21,LNC,-1.6012795270630622,-2.1792089478909737,-1.5084574396789705,-1.4244055106956752,-2.2151241302490234
2023-09-21,LOW,-0.1479419531003172,-1.065195929173342,-1.442498782018176,-0.8930953013821611,-1.104957103729248
2023-09-21,LRCX,-0.7210064987126005,-1.1221295840778496,-1.066076577917065,-1.2558502855724605,-1.318501114845276
2023-09-21,LUV,-0.989045512465376,-1.2144968763647357,-1.054255801366574,-1.0226941167250554,-1.364748239517212
2023-09-21,LVS,-2.5204614715560973,-1.7213786327299183,-1.3478680207458824,-1.5747790666298005,-1.7605526447296145
2023-09-21,LW,-1.5559519827791846,-1.1268777347757477,-1.08440858184046,-0.8826888627234263,-1.038359522819519
2023-09-21,LYB,-1.5349207923513413,-1.0525960910919108,-0.4431116636526615,-0.9556283191502896,-1.173859715461731
2023-09-21,LYV,-0.7864152398178392,-1.2564603136675587,-0.8797259005323456,-0.890385332224962,-1.381744623184204
2023-09-21,MA,-0.6998236819235182,-0.6052797375694148,-0.5308995455664739,-0.6723730665853855,-0.9095863103866576
2023-09-21,MAR,-0.624936591063674,-0.9880527625316824,-0.7752956457879613,-0.6873135278866559,-1.049157738685608
2023-09-21,MAS,-1.9316510263370688,-1.3504528486054046,-0.7760607662731425,-0.9493774866748824,-1.256621241569519
2023-09-21,MCD,-0.2100248109939746,-0.792175116820787,-0.7719804691910115,-0.5527915193389134,-0.6872551441192627
2023-09-21,MCHP,-0.2610585388967663,-1.56317109789632,-1.153346846681056,-1.1997006437569326,-1.4702818393707275
2023-09-21,MCK,-0.2539896067609335,-0.6871412700937986,-1.5068238307264676,-0.7075321661670112,-0.9739741683006288
2023-09-21,MCO,-0.1295218420240077,-1.0857624497991512,-0.5687871723902262,-0.7627331212217747,-0.9856334328651428
2023-09-21,MDLZ,-0.5091226347231218,-0.7573184099046473,-0.5484251821571361,-0.6204536519294639,-0.5731778740882874
2023-09-21,MDT,-0.4345202858536539,-0.843576263368796,-1.26819835018234,-0.7703970657283512,-0.9919459223747252
2023-09-21,MET,-0.5565011543748779,-1.047258215289267,-1.6222866006881416,-0.9173355196141102,-1.1142346858978271
2023-09-21,META,-0.344135924258488,-1.1987556992888575,-1.1476038296747189,-0.921830786321872,-1.2117455005645752
2023-09-21,MGM,-2.091720501056228,-1.8175230249724657,-1.8704792562279169,-1.4547880033814913,-1.3774096965789795
2023-09-21,MHK,-4.295571538096455,-1.2677279528926009,-1.354087884892949,-1.307569227443594,-1.5231280326843262
2023-09-21,MKC,-0.8036328377440924,-0.984203480146623,-1.17930996871335,-0.85593250239809,-1.0554022789001465
2023-09-21,MKTX,-0.2226222003526333,-1.579927940026888,-1.009426450207695,-1.231572084433087,-1.477684497833252
2023-09-21,MLM,-0.3502573579751239,-1.1729107975839694,-0.9377380835699276,-1.0326065551848855,-1.1631767749786377
2023-09-21,MMC,-0.3482398318696394,-0.3786287358734634,-0.6503978900776275,-0.6390087412199689,-0.7613511681556702
2023-09-21,MMM,-1.0144476699147955,-1.1831337556837611,-0.5803537775329893,-0.924010699562408,-1.1063127517700195
2023-09-21,MO,-1.2835455230942596,-0.5623585342597353,-0.3896954308950847,-0.5798614652654428,-0.8633242845535278
2023-09-21,MPC,-1.624710223133821,-1.9451359371784307,-1.8176608165598704,-1.0696002378754237,-1.381516695022583
2023-09-21,MRK,-1.1751558682011791,-0.8968651081350802,-0.4921127010816825,-0.7848257845999043,-0.9060719013214112
2023-09-21,MRO,-0.4594212686745088,-1.585674900482186,-1.3783400987592354,-1.2333448858421368,-1.7456223964691162
2023-09-21,MS,-2.604717978721661,-1.2100713867965855,-1.015867202089124,-0.7591720690942461,-1.059401273727417
2023-09-21,MSCI,-0.9387843046027938,-1.342257794568542,-1.1429622397080406,-0.9359192689967551,-1.2853282690048218
2023-09-21,MSFT,-1.6089920670634497,-1.2039566534965456,-0.6495435090035697,-0.9670680933304724,-1.0529860258102417
2023-09-21,MSI,-0.4161000312750991,-0.7573395416962767,-0.3446458252474987,-0.7152997074857274,-0.9132586121559144
2023-09-21,MTB,-1.7100752707344964,-1.6143154904973738,-0.7704888947748566,-0.9535503935934616,-1.6743537187576294
2023-09-21,MTD,-0.3316193477814557,-1.179256901478733,-1.0452213719182282,-1.0638042928035631,-1.272745966911316
2023-09-21,MU,-1.1663441683570206,-1.2662297406721634,-1.3292751176372593,-1.2980831497180705,-1.5474236011505127
2023-09-21,NCLH,-8.152489453648071,-1.929978658548376,-1.9945057837049165,-1.5942866062541063,-2.16914439201355
2023-09-21,NDAQ,-0.5319192523505691,-0.948431955597988,-0.4276049747088363,-0.6647740351335489,-0.872000515460968
2023-09-21,NEE,-0.2255662043291823,-0.7396955650745947,-0.9420901336493942,-0.945342713321361,-1.0694785118103027
2023-09-21,NEM,-0.4398741410871254,-1.091318314775068,-1.1463574303558195,-1.0070918893659186,-1.2706950902938845
2023-09-21,NFLX,-1.7246791294642856,-1.6881493713003255,-1.496860838676503,-1.2506317327644068,-1.5756756067276
2023-09-21,NI,-1.4089698570308724,-1.1592365788827803,-1.3518884878516004,-0.7076979563658531,-1.0752344131469729
2023-09-21,NKE,-1.12469836067158,-1.1277127044042703,-1.387567480135644,-0.8162944186019934,-1.2249078750610352
2023-09-21,NOC,-2.329005655219484,-0.7318082526333249,-1.0930405983651397,-0.7901906615111824,-1.093265175819397
2023-09-21,NOW,-0.2120489838683486,-1.3353716762087773,-0.9798497425247256,-1.0008646950068711,-1.5057199001312256
2023-09-21,NRG,-0.3692940918278438,-1.1905156116772353,-0.8567864977499287,-0.8986631592718997,-1.3886022567749023
2023-09-21,NSC,-0.0099687410392396,-0.9211908068027806,-0.4082142817122816,-0.7709115454673461,-1.0351464748382568
2023-09-21,NTAP,-0.2629117247857636,-0.8635168522303373,-0.4269693361335184,-0.7877886894777587,-1.0266733169555664
2023-09-21,NTRS,-1.2927341142960405,-1.0548419986444646,-1.2293742023448389,-0.9146655149195592,-1.1461222171783447
2023-09-21,NUE,-0.1577841642239329,-1.4399344409421768,-1.263777973748294,-1.0666816241563073,-1.4869840145111084
2023-09-21,NVDA,-0.8202627123698711,-1.8737383770439893,-0.8614234762970474,-1.3764407963538057,-1.3985799551010132
2023-09-21,NWL,-2.3991304819892645,-2.207871831636324,-2.0589007970114928,-1.661598959295704,-1.9656990766525269
2023-09-21,NWS,-1.695729091429294,-1.2296628788404749,-1.223200688922897,-1.1759281823333394,-1.1480947732925415
2023-09-21,NWSA,-1.854640727236172,-1.2310337748210065,-1.015267444938867,-0.7427138746441909,-1.170620679855347
2023-09-21,NXPI,-0.5267458395529624,-1.3532385675964875,-0.8068786428098236,-1.2489195488702518,-1.4652758836746216
2023-09-21,ODFL,-0.1849374516644218,-1.2867618893265451,-0.845312443463332,-0.9577514867066864,-1.281577229499817
2023-09-21,OKE,-1.7622465969379193,-1.454002178944276,-0.964364721728311,-1.7515662673605814,-1.1691452264785769
2023-09-21,OMC,-1.816240197964863,-1.0574305874353176,-0.528482112120584,-0.7712852708419979,-1.0107911825180054
2023-09-21,ON,-0.2278718592906429,-1.4504470510894054,-1.3461932067486038,-1.3345677177933806,-1.7214018106460571
2023-09-21,ORCL,-1.345573012349827,-1.0458810192440815,-0.2231060239687695,-0.7957893799571022,-0.7347306609153748
2023-09-21,ORLY,0.0,-0.6372394232937122,-0.8304784704671007,-0.7426326730533157,-0.8445379734039307
2023-09-21,OTIS,-0.2841652458561473,-0.838822657561455,-1.12448827536868,-0.7286878334428837,-0.9125338792800904
2023-09-21,OXY,-0.949965920789466,-1.48223692076526,-1.0797216144309798,-0.9826518719592588,-1.4127724170684814
2023-09-21,PAYX,0.0,-1.047797331333655,-1.360143631433252,-0.9277176929183606,-1.1228727102279663
2023-09-21,PCAR,-0.2619062151227678,-0.989861138786532,-0.5880468770437267,-0.8203839610728778,-1.0600404739379885
2023-09-21,PEG,-0.481489154460291,-0.9989455918261918,-0.789284222915436,-0.6925667862055215,-1.0640869140625
2023-09-21,PEP,-0.3258301796409692,-0.783866127678778,-0.6957684695572328,-0.7195460882395674,-0.758770227432251
2023-09-21,PFE,-1.7533307102486195,-0.8567408108279339,-1.266330850353227,-0.8717329221643416,-0.5085660219192505
2023-09-21,PG,-0.6953539370357751,-0.6413741946514373,-0.4511352912570457,-0.5102061751910036,-0.6994736194610596
2023-09-21,PGR,-0.2666326630793738,-0.9815451595655243,-0.7222513857971342,-0.7873405024151917,-1.014465570449829
2023-09-21,PH,-0.178287234392386,-1.110842890984717,-0.7257635660568702,-0.8566333436156237,-1.1976606845855713
2023-09-21,PKG,-0.1677402115283514,-0.9685759735312144,-0.8253378416744769,-0.8106325800899876,-1.0490800142288208
2023-09-21,PLD,-0.7856844189451824,-1.4201684319614287,-1.6971016271625785,-1.0702571677322914,-1.282437086105347
2023-09-21,PM,-1.5660889738121706,-0.9021309375403526,-1.4970024153201615,-0.632551909924291,-0.8652657270431519
2023-09-21,PNC,-1.45389101924361,-0.9458917819500324,-0.5597647100116653,-0.8404674819357514,-1.3192884922027588
2023-09-21,PPL,-0.5961829071541049,-0.9138434164248286,-0.7145491612861832,-0.7586631346901619,-1.0247769355773926
2023-09-21,PRGO,-1.6217832752374088,-1.1669148650623584,-1.0052933341467944,-1.0971661342154626,-1.120108127593994
2023-09-21,PRU,-0.9059994628868248,-0.9749555291221728,-0.6953911156740034,-0.6776526883781632,-1.1312135457992554
2023-09-21,PSA,0.0,-1.1484147728821854,-0.5970092689780118,-0.8496646063210093,-1.1404366493225098
2023-09-21,PTC,-1.2638695933857296,-0.8016368550903026,-0.6129503794217999,-0.8898510654621572,-0.9447635412216188
2023-09-21,PVH,-1.3759604979112394,-1.5454187337952634,-1.4911564923710725,-1.2176144258874442,-1.593549370765686
2023-09-21,PYPL,-2.007796279396905,-1.306140953964778,-0.9734652890475268,-1.2767491101637858,-1.1824862957000732
2023-09-21,QCOM,-1.2963097142880389,-1.1939218134671086,-1.5527262609387251,-1.0559978120487878,-1.4442470073699951
2023-09-21,QRVO,-1.449280471666759,-1.3627917277020298,-1.0154222215008155,-1.1313789683749942,-1.4606242179870603
2023-09-21,RCL,-4.470096537055546,-1.216532182929176,-1.3141792263080263,-1.385841599254582,-1.1546549797058103
2023-09-21,REG,-0.9783177415699112,-1.007672498935938,-1.5543865798731704,-0.9604752028410356,-1.113326072692871
2023-09-21,REGN,-0.4525475839873786,-1.0125749851324497,-0.6538247421144756,-0.831946820002315,-1.1311211585998535
2023-09-21,RF,-2.2935757240897794,-1.4807392199951503,-0.9815636660134658,-1.0073433325132275,-1.5741398334503174
2023-09-21,RHI,-1.1397508448752516,-1.0713059038713035,-0.8551691102308431,-0.9213361742889316,-1.2270575761795044
2023-09-21,RJF,-1.2805524427262192,-1.3590114358721308,-2.082693109839972,-0.9842386910089436,-1.1917635202407837
2023-09-21,RL,-1.576808790578961,-1.243048513672791,-1.650853773763623,-0.9997426068571084,-1.291176438331604
2023-09-21,RMD,-0.958263030285844,-1.5329230987434874,-2.201526986211937,-1.115082444695703,-1.1261166334152222
2023-09-21,ROP,-0.2025972988551904,-0.4654253863057569,-1.14707662403612,-0.7059214497148631,-0.8825339078903198
2023-09-21,RSG,-0.3476786128139291,-0.6921814203652643,-0.3572677701933094,-0.574929286108668,-0.7733898758888245
2023-09-21,RTX,-1.6251209134510816,-0.9262784078912322,-1.5586438503089368,-0.3065063975863469,-1.1228859424591064
2023-09-21,SBAC,-1.8662403041947544,-1.09538254199817,-0.9444132901985588,-1.1201450037037213,-1.402734637260437
2023-09-21,SBUX,-0.064216588245491,-1.0477243841279698,-0.858894637926889,-0.744543615496118,-0.9655883312225342
2023-09-21,SCHW,-1.5714304787772044,-0.9595761418972054,-0.5152833608480507,-0.8627420367437542,-1.7646610736846924
2023-09-21,SJM,-1.3951682563914054,-0.9592738704903588,-1.503383985776342,-0.7792624059538078,-0.9272177219390868
2023-09-21,SO,-0.6896490489400458,-0.9888202428024314,-1.2202217857791575,-0.6594889652255417,-0.9645583629608154
2023-09-21,SPGI,-0.4026088977942517,-1.1678856633258714,-0.4683470292935962,-0.6380776750094453,-0.8782316446304321
2023-09-21,SRE,-0.2931310528500645,-0.9564828370695746,-0.6778821811217438,-0.8505191472639217,-1.015455961227417
2023-09-21,STT,-1.87227995204444,-1.1310965432118312,-1.6544396701530335,-0.8588609856783466,-1.348947048187256
2023-09-21,STX,-0.7713280626819583,-1.8041412179827137,-0.9997740614875866,-1.2327165404435787,-1.5192539691925049
2023-09-21,STZ,-1.5730755145733282,-0.9338449861486766,-0.544534649072861,-0.6201666053192635,-0.9374212026596068
2023-09-21,SWK,-1.0298327556951106,-1.756211999294082,-1.415247586833364,-1.3788282576673985,-1.6493695974349976
2023-09-21,SWKS,-0.6297755590622729,-1.4241706866917307,-1.2157469224862272,-1.0860217983543192,-1.4245558977127075
2023-09-21,SYF,-1.7149152439224682,-1.209831194042192,-0.8525096203252959,-0.9476098850966298,-1.5180883407592771
2023-09-21,SYK,-0.1409421824134007,-0.7762360129537675,-0.8910718657271769,-0.7448825894127318,-1.008494853973389
2023-09-21,SYY,-1.2238999445234786,-0.7699362146790945,-0.4666101154670183,-0.7108773809821439,-1.0216314792633057
2023-09-21,T,-1.8264822854839435,-0.7532277763575568,-0.5601135331330857,-0.7603220063827252,-0.951647400856018
2023-09-21,TDY,-0.6940606815491736,-0.8666830063251574,-1.9983837784374827,-0.7371601056077762,-0.9280016422271729
2023-09-21,TEL,-0.5259275958770394,-0.8834724181610851,-0.7575151768335825,-0.7365192748052728,-0.9854686856269836
2023-09-21,TER,-1.480178341933019,-1.2695608645222871,-1.792145786165745,-1.0900894244658217,-1.4316178560256958
2023-09-21,TFC,-1.6248643346886895,-1.6599381500896466,-1.4763980105257182,-1.3909572665444578,-2.218433856964112
2023-09-21,TGT,-3.787296109211028,-1.0185569224171336,-1.0343259627987278,-0.8996058154428859,-1.1729655265808103
2023-09-21,TJX,-0.1907733899460488,-0.603518784925456,-1.0266636961962072,-0.7682926499554242,-0.7478510141372681
2023-09-21,TMO,-0.2644634297886528,-0.9536858607709296,-0.5969448462784648,-0.8717342243775383,-1.085531234741211
2023-09-21,TMUS,-0.0071742925928441,-0.8682490778320988,-1.052325253313659,-0.7073796702167675,-0.8980685472488403
2023-09-21,TPR,-2.505925343418016,-1.7560975497451563,-2.0307573668535976,-1.180204838520165,-2.002418041229248
2023-09-21,TROW,-1.015039300344377,-1.1928859511516052,-1.7222833561543105,-0.9376597176953958,-1.4201247692108154
2023-09-21,TRV,-0.6102973000072058,-0.8259020271739247,-1.2643972652563311,-0.652943996616853,-0.9929671883583068
2023-09-21,TSCO,0.0,-1.1537211014924145,-1.7082341793888067,-0.9974765012121632,-1.2315040826797483
2023-09-21,TSLA,-5.019424427081078,-1.887396369506812,-1.0724438480017835,-1.810331141895764,-2.434534788131714
2023-09-21,TSN,-2.486609157258358,-0.8323173454114491,-0.6051629025617788,-0.8945230092361288,-1.0178734064102173
2023-09-21,TT,0.0,-0.7930538275782423,-0.6185289350411408,-0.6160214219017052,-1.0128495693206787
2023-09-21,TTWO,-0.1460049631439943,-1.1458115573601322,-0.6821554273654905,-1.0033404237551915,-1.1894680261611938
2023-09-21,TXN,-0.9949329733534142,-1.123124352648638,-1.229373697885087,-0.942189556035382,-1.1552774906158447
2023-09-21,TXT,-0.3850044011972823,-0.7203407478568478,-0.7176025640260845,-0.7805189790235485,-1.0740925073623655
2023-09-21,UDR,-1.497829611856644,-1.1793663998468198,-1.4841707629788112,-0.9670450740542826,-1.2163629531860352
2023-09-21,UHS,-0.1185501678068964,-1.2673567317313814,-1.0624143650953457,-1.0338050277870083,-1.2453763484954834
2023-09-21,ULTA,-1.7483681630867904,-0.9456160985154628,-1.5542769718837015,-0.8881766894578759,-1.1310052871704102
2023-09-21,UNH,-0.194389022184995,-0.9075102369938142,-1.0404418675845788,-0.6441579466384266,-1.0315779447555542
2023-09-21,UNP,-0.9301915672798448,-0.8723682389104457,-0.7142094410411339,-0.7392024259637404,-0.9744940996170044
2023-09-21,UPS,-1.228930436630912,-1.0346319066160663,-0.7541183385711768,-0.835470640000843,-0.9578765630722046
2023-09-21,URI,-0.5635510292329681,-1.324692659838417,-1.399092938909898,-1.3249686525400164,-1.4669349193572998
2023-09-21,USB,-0.7473841384093021,-1.5391648461539846,-1.5979428654868033,-1.1078973130640275,-2.0098986625671387
2023-09-21,V,-0.7898606619588173,-0.6911509870881625,-0.5430656286484009,-0.8349195785751904,-0.824799656867981
2023-09-21,VFC,-2.5871820813077586,-1.8150443087935093,-1.3236376751928358,-1.6652579093061912,-2.0027639865875244
2023-09-21,VLO,-1.6805657404891334,-2.02752760431205,-2.314159996268591,-1.6938555479475674,-1.698811411857605
2023-09-21,VMC,-0.9616349700515968,-1.138229591556591,-0.447845739587044,-0.7817646928595491,-0.9938878417015076
2023-09-21,VRSK,-0.1618724947098049,-0.6088777430064283,-0.755057538375522,-0.6977807516443965,-0.9396058917045592
2023-09-21,VRSN,-0.627776256029563,-0.9516220075237358,-0.8362276793642919,-0.9187917378907542,-0.9025888442993164
2023-09-21,VRTX,-0.9523555863407296,-0.91871546314357,-0.7321200330945915,-0.8566669607408524,-1.164484620094299
2023-09-21,VTR,-0.8849493841893156,-1.3821423729954208,-0.6670509760150917,-0.9951137343406032,-1.3696131706237793
2023-09-21,VTRS,-1.2383889654857292,-1.3672359210167917,-1.410142210497354,-1.0540856473216478,-1.3569183349609375
2023-09-21,VZ,-0.9921768881863544,-0.8352260212825131,-0.9004752399908774,-0.7232178155040812,-1.01182758808136
2023-09-21,WAB,-0.1232624265742217,-0.8155093965805005,-1.1039831097521948,-0.7439672927791886,-0.8671473264694214
2023-09-21,WAT,-0.735462067212806,-1.046524551937927,-1.510200949533864,-1.0751046587025197,-1.3001563549041748
2023-09-21,WBA,-1.7273615215477414,-1.4116762743626543,-0.7573519694443851,-1.0449820944473744,-0.6420468688011169
2023-09-21,WDC,-0.0222977731917471,-1.377475776822968,-1.5324021655800903,-1.2335870592411409,-1.6720869541168213
2023-09-21,WEC,-0.6404231951013387,-0.8864163098225889,-0.8119148514315381,-0.8466818656976544,-1.021695613861084
2023-09-21,WELL,-1.159317846218321,-1.1101234518204115,-1.0629242129462717,-1.1136214172002314,-1.1113134622573853
2023-09-21,WFC,-2.7876216728866146,-1.124139957445682,-0.7121685093102554,-0.7739744962926284,-1.1839663982391355
2023-09-21,WHR,-1.7459416307703894,-1.136399113041449,-1.1483815388487042,-0.871444055638332,-1.3477394580841064
2023-09-21,WM,-0.3630619899482484,-0.7343896155128471,-1.6692052172039331,-0.5874597126109403,-0.8232334852218628
2023-09-21,WMB,-0.3273714305047276,-1.0575732371637212,-1.120056862100434,-0.7074274671970315,-1.140921950340271
2023-09-21,WMT,-0.1910922740989374,-0.6920516822170217,-0.6842579620933199,-0.6144628995096655,-0.6937475204467773
2023-09-21,WRB,-0.0465126924736555,-0.8912413710155274,-0.72870714552763,-0.7451852875171479,-1.042089819908142
2023-09-21,WST,-0.7032098617145722,-1.2307230235226214,-1.1985375469981825,-0.892200693739951,-1.029349684715271
2023-09-21,WY,-0.6074185738069209,-0.9808526315285444,-0.9770194816039414,-0.9116970057777044,-1.1285685300827026
2023-09-21,WYNN,-0.1759442025663602,-1.695651786978622,-1.00681524350082,-1.188839534007096,-1.4611228704452517
2023-09-21,XEL,-0.1522587576697291,-0.9320380509051938,-0.7163944529478488,-0.7150884265421522,-1.0077438354492188
2023-09-21,XOM,-0.7778079102929186,-1.2655969131220113,-1.8525632473353424,-0.7676609188138749,-1.0358134508132937
2023-09-21,XYL,-0.8214676614795142,-1.1948090579704385,-1.281659551652926,-0.8950326415393202,-1.1500177383422852
2023-09-21,ZBH,-0.7674545256649609,-1.1313986679987864,-0.6923899509445526,-0.7588988993251299,-1.07301926612854
2023-09-21,ZBRA,-1.7800875071266968,-1.588607660457772,-2.7802371711497686,-1.5352046320075194,-1.49481463432312
2023-09-21,ZION,-1.8377983542941387,-2.2610261738951194,-2.305035243512868,-1.6360277652755961,-3.464350700378418
